timestamp,10,100,101,120,121,140,150,160,200,201,251,270,300,301,351,352,370,400,450,500,550,600,650,652,1000,1020,1040,1100,1200,1510,2510,3000,4510,5510,6000
20200525_0,25655.185546875,27331.2265625,27654.5546875,27770.953125,27802.77734375,27823.505859375,27832.173828125,27827.98828125,27829.251953125,27839.443359375,27836.900390625,27840.32421875,27838.171875,27843.7265625,27836.9296875,27834.8359375,27838.7890625,27846.2109375,27839.212890625,27840.423828125,27838.142578125,27831.775390625,27836.853515625,27829.8203125,27840.55078125,27849.67578125,27837.84375,27838.478515625,27832.23046875,27839.97265625,27839.40625,27845.103515625,27849.60546875,27835.16796875,27839.470703125
20200525_1,25650.99609375,27326.6015625,27649.818359375,27766.1875,27797.982421875,27818.71875,27827.380859375,27823.19140625,27824.447265625,27834.64453125,27832.109375,27835.529296875,27833.375,27838.921875,27832.12890625,27830.0390625,27833.994140625,27841.412109375,27834.412109375,27835.619140625,27833.341796875,27826.98046875,27832.05859375,27825.021484375,27835.7578125,27844.880859375,27833.044921875,27833.693359375,27827.423828125,27835.169921875,27834.603515625,27840.302734375,27844.810546875,27830.380859375,27834.671875
20200525_2,25643.9765625,27319.0546875,27642.15234375,27758.482421875,27790.26171875,27811.001953125,27819.66015625,27815.470703125,27816.720703125,27826.9140625,27824.384765625,27827.796875,27825.646484375,27831.185546875,27824.3984375,27822.310546875,27826.263671875,27833.6875,27826.6796875,27827.884765625,27825.609375,27819.251953125,27824.333984375,27817.296875,27828.0234375,27837.154296875,27825.318359375,27825.96875,27819.69921875,27827.4453125,27826.87890625,27832.576171875,27837.072265625,27822.650390625,27826.939453125
20200525_3,25641.59375,27316.60546875,27639.6953125,27756.025390625,27787.802734375,27808.546875,27817.197265625,27813.01171875,27814.26171875,27824.453125,27821.91796875,27825.33984375,27823.189453125,27828.732421875,27821.9453125,27819.85546875,27823.810546875,27831.228515625,27824.21484375,27825.416015625,27823.142578125,27816.787109375,27821.87109375,27814.8359375,27825.56640625,27834.689453125,27822.853515625,27823.5078125,27817.236328125,27824.9921875,27824.421875,27830.123046875,27834.609375,27820.197265625,27824.48046875
20200525_4,25644.12109375,27319.30078125,27642.416015625,27758.75,27790.5390625,27811.28125,27819.931640625,27815.7421875,27816.99609375,27827.181640625,27824.650390625,27828.076171875,27825.927734375,27831.462890625,27824.67578125,27822.591796875,27826.546875,27833.9609375,27826.94921875,27828.1484375,27825.873046875,27819.51953125,27824.60546875,27817.5703125,27828.30078125,27837.427734375,27825.58984375,27826.240234375,27819.974609375,27827.734375,27827.15625,27832.857421875,27837.341796875,27822.921875,27827.212890625
20200525_5,25645.701171875,27321.103515625,27644.25390625,27760.61328125,27792.404296875,27813.158203125,27821.810546875,27817.625,27818.869140625,27829.048828125,27826.505859375,27829.939453125,27827.79296875,27833.3359375,27826.537109375,27824.458984375,27828.41796875,27835.833984375,27828.8203125,27830.015625,27827.736328125,27821.380859375,27826.466796875,27819.4375,27830.173828125,27839.306640625,27827.458984375,27828.107421875,27821.845703125,27829.6171875,27829.041015625,27834.73828125,27839.208984375,27824.79296875,27829.08984375
20200525_6,25656.529296875,27332.669921875,27655.95703125,27772.373046875,27804.185546875,27824.9453125,27833.60546875,27829.4140625,27830.65234375,27840.8359375,27838.294921875,27841.73828125,27839.59375,27845.1328125,27838.326171875,27836.25,27840.20703125,27847.625,27840.607421875,27841.806640625,27839.5234375,27833.1640625,27838.255859375,27831.224609375,27841.970703125,27851.099609375,27839.251953125,27839.89453125,27833.640625,27841.42578125,27840.833984375,27846.533203125,27851.00390625,27836.58203125,27840.87890625
20200525_7,25661.6640625,27338.126953125,27661.46484375,27777.900390625,27809.7265625,27830.4921875,27839.14453125,27834.95703125,27836.19921875,27846.375,27843.830078125,27847.275390625,27845.134765625,27850.67578125,27843.87109375,27841.7890625,27845.751953125,27853.171875,27846.154296875,27847.349609375,27845.064453125,27838.705078125,27843.796875,27836.765625,27847.513671875,27856.64453125,27844.796875,27845.4375,27839.18359375,27846.974609375,27846.37890625,27852.078125,27856.548828125,27842.123046875,27846.421875
20200525_8,25662.583984375,27339.134765625,27662.4921875,27778.93359375,27810.763671875,27831.521484375,27840.1796875,27835.9921875,27837.23046875,27847.412109375,27844.865234375,27848.30859375,27846.1640625,27851.703125,27844.904296875,27842.8203125,27846.78125,27854.208984375,27847.18359375,27848.380859375,27846.09375,27839.732421875,27844.826171875,27837.794921875,27848.541015625,27857.68359375,27845.826171875,27846.466796875,27840.21484375,27848.0078125,27847.41796875,27853.115234375,27857.578125,27843.15234375,27847.45703125
20200525_9,25662.89453125,27339.44921875,27662.806640625,27779.240234375,27811.072265625,27831.83984375,27840.490234375,27836.306640625,27837.548828125,27847.72265625,27845.17578125,27848.615234375,27846.47265625,27852.015625,27845.21484375,27843.134765625,27847.09375,27854.51953125,27847.494140625,27848.689453125,27846.40625,27840.04296875,27845.142578125,27838.10546875,27848.857421875,27857.994140625,27846.138671875,27846.779296875,27840.52734375,27848.326171875,27847.736328125,27853.4296875,27857.896484375,27843.474609375,27847.76953125
20200525_10,25657.720703125,27333.8984375,27657.1796875,27773.595703125,27805.427734375,27826.18359375,27834.83203125,27830.646484375,27831.8828125,27842.05859375,27839.51171875,27842.962890625,27840.818359375,27846.357421875,27839.556640625,27837.4765625,27841.43359375,27848.857421875,27841.8359375,27843.033203125,27840.751953125,27834.384765625,27839.474609375,27832.447265625,27843.1953125,27852.330078125,27840.48046875,27841.11328125,27834.87109375,27842.669921875,27842.08203125,27847.775390625,27852.232421875,27837.8125,27842.111328125
20200525_11,25660.76171875,27337.107421875,27660.416015625,27776.83984375,27808.67578125,27829.4375,27838.087890625,27833.900390625,27835.1328125,27845.3125,27842.765625,27846.216796875,27844.07421875,27849.615234375,27842.8125,27840.736328125,27844.69140625,27852.11328125,27845.087890625,27846.28515625,27844.00390625,27837.6328125,27842.73046875,27835.693359375,27846.44921875,27855.5859375,27843.740234375,27844.37109375,27838.125,27845.927734375,27845.3359375,27851.029296875,27855.4921875,27841.06640625,27845.3671875
20200525_12,25659.76171875,27335.96484375,27659.23046875,27775.64453125,27807.478515625,27828.23046875,27836.88671875,27832.703125,27833.93359375,27844.119140625,27841.56640625,27845.013671875,27842.875,27848.41796875,27841.609375,27839.53515625,27843.48046875,27850.91015625,27843.888671875,27845.087890625,27842.802734375,27836.431640625,27841.53125,27834.494140625,27845.25,27854.384765625,27842.5390625,27843.166015625,27836.923828125,27844.728515625,27844.142578125,27849.83203125,27854.2890625,27839.861328125,27844.162109375
20200525_13,25653.595703125,27329.3359375,27652.5,27768.880859375,27800.703125,27821.458984375,27830.1015625,27825.927734375,27827.1484375,27837.3359375,27834.779296875,27838.234375,27836.1015625,27841.640625,27834.830078125,27832.755859375,27836.69921875,27844.123046875,27837.1015625,27838.298828125,27836.01953125,27829.638671875,27834.73828125,27827.712890625,27838.4609375,27847.59765625,27835.759765625,27836.380859375,27830.140625,27837.9453125,27837.359375,27843.05078125,27847.501953125,27833.07421875,27837.38671875
20200525_14,25645.8828125,27321.158203125,27644.23828125,27760.599609375,27792.416015625,27813.162109375,27821.8046875,27817.623046875,27818.853515625,27829.029296875,27826.46875,27829.9296875,27827.794921875,27833.3359375,27826.53125,27824.455078125,27828.39453125,27835.81640625,27828.794921875,27830.0,27827.71484375,27821.337890625,27826.435546875,27819.412109375,27830.162109375,27839.30078125,27827.4609375,27828.080078125,27821.845703125,27829.650390625,27829.0546875,27834.740234375,27839.197265625,27824.775390625,27829.0859375
20200525_15,25638.515625,27313.28515625,27636.263671875,27752.58984375,27784.40625,27805.142578125,27813.775390625,27809.607421875,27810.833984375,27821.005859375,27818.447265625,27821.90625,27819.771484375,27825.31640625,27818.509765625,27816.4296875,27820.365234375,27827.78515625,27820.771484375,27821.974609375,27819.693359375,27813.314453125,27818.408203125,27811.39453125,27822.1328125,27831.263671875,27819.435546875,27820.05078125,27813.818359375,27821.625,27821.02734375,27826.70703125,27831.16015625,27816.75,27821.056640625
20200525_16,25632.408203125,27306.8125,27629.728515625,27746.02734375,27777.841796875,27798.56640625,27807.205078125,27803.03125,27804.265625,27814.431640625,27811.875,27815.330078125,27813.197265625,27818.736328125,27811.935546875,27809.859375,27813.7890625,27821.212890625,27814.203125,27815.408203125,27813.125,27806.744140625,27811.837890625,27804.822265625,27815.55859375,27824.681640625,27812.85546875,27813.46875,27807.24609375,27815.048828125,27814.453125,27820.13671875,27824.5859375,27810.171875,27814.474609375
20200525_17,25625.564453125,27299.458984375,27622.2734375,27738.537109375,27770.337890625,27791.0546875,27799.685546875,27795.515625,27796.75,27806.916015625,27804.353515625,27807.8125,27805.681640625,27811.21875,27804.419921875,27802.33984375,27806.265625,27813.685546875,27806.681640625,27807.888671875,27805.607421875,27799.23046875,27804.314453125,27797.306640625,27808.044921875,27817.162109375,27805.341796875,27805.953125,27799.734375,27807.529296875,27806.939453125,27812.615234375,27817.0625,27802.658203125,27806.955078125
20200525_18,25621.45703125,27295.146484375,27617.9296875,27734.1875,27765.9765625,27786.69921875,27795.33203125,27791.1640625,27792.392578125,27802.55859375,27800.0,27803.455078125,27801.32421875,27806.86328125,27800.0625,27797.984375,27801.908203125,27809.33203125,27802.326171875,27803.529296875,27801.248046875,27794.8671875,27799.9609375,27792.9453125,27803.68359375,27812.802734375,27800.982421875,27801.603515625,27795.37890625,27803.166015625,27802.580078125,27808.259765625,27812.705078125,27798.298828125,27802.609375
20200525_19,25619.486328125,27292.9140625,27615.642578125,27731.875,27763.65625,27784.369140625,27793.00390625,27788.8359375,27790.06640625,27800.244140625,27797.6875,27801.134765625,27798.99609375,27804.537109375,27797.734375,27795.65625,27799.58984375,27807.0078125,27800.005859375,27801.212890625,27798.927734375,27792.556640625,27797.642578125,27790.62890625,27801.361328125,27810.48046875,27798.662109375,27799.27734375,27793.052734375,27800.826171875,27800.23828125,27805.921875,27810.380859375,27795.978515625,27800.275390625
20200525_20,25629.90234375,27304.02734375,27626.912109375,27743.185546875,27774.9765625,27795.69140625,27804.345703125,27800.166015625,27801.40625,27811.587890625,27809.037109375,27812.478515625,27810.3359375,27815.873046875,27809.076171875,27806.99609375,27810.931640625,27818.34765625,27811.345703125,27812.55859375,27810.279296875,27803.904296875,27808.990234375,27801.970703125,27812.69921875,27821.826171875,27810.00390625,27810.623046875,27804.3828125,27812.150390625,27811.57421875,27817.255859375,27821.732421875,27807.318359375,27811.61328125
20200525_21,25635.892578125,27310.4140625,27633.390625,27749.681640625,27781.484375,27802.197265625,27810.84765625,27806.666015625,27807.921875,27818.10546875,27815.556640625,27818.990234375,27816.84765625,27822.392578125,27815.595703125,27813.5078125,27817.443359375,27824.865234375,27817.869140625,27819.076171875,27816.796875,27810.427734375,27815.509765625,27808.48828125,27819.212890625,27828.33203125,27816.513671875,27817.146484375,27810.900390625,27818.654296875,27818.08203125,27823.7734375,27828.25390625,27813.833984375,27818.12890625
20200525_22,25644.396484375,27319.453125,27642.552734375,27758.87890625,27790.67578125,27811.396484375,27820.060546875,27815.87890625,27817.123046875,27827.32421875,27824.78125,27828.205078125,27826.056640625,27831.60546875,27824.806640625,27822.72265625,27826.66796875,27834.087890625,27827.08203125,27828.296875,27826.013671875,27819.646484375,27824.728515625,27817.6953125,27828.427734375,27837.546875,27825.7265625,27826.361328125,27820.109375,27827.853515625,27827.28515625,27832.98046875,27837.474609375,27823.048828125,27827.34375
20200525_23,25649.65234375,27325.08984375,27648.2734375,27764.6328125,27796.431640625,27817.16015625,27825.822265625,27821.63671875,27822.888671875,27833.0859375,27830.548828125,27833.97265625,27831.822265625,27837.365234375,27830.572265625,27828.486328125,27832.4296875,27839.8515625,27832.8515625,27834.0625,27831.78125,27825.421875,27830.49609375,27823.4609375,27834.19140625,27843.318359375,27831.490234375,27832.130859375,27825.873046875,27833.6171875,27833.052734375,27838.748046875,27843.244140625,27828.81640625,27833.10546875
20200526_0,25651.759765625,27327.35546875,27650.5703125,27766.93359375,27798.732421875,27819.47265625,27828.13671875,27823.94921875,27825.201171875,27835.3984375,27832.861328125,27836.28125,27834.12890625,27839.677734375,27832.8828125,27830.79296875,27834.7421875,27842.166015625,27835.162109375,27836.37109375,27834.091796875,27827.73046875,27832.80859375,27825.771484375,27836.5078125,27845.6328125,27833.80078125,27834.44140625,27828.1796875,27835.923828125,27835.359375,27841.060546875,27845.556640625,27831.130859375,27835.41796875
20200526_1,25652.83984375,27328.462890625,27651.671875,27768.03515625,27799.828125,27820.572265625,27829.236328125,27825.044921875,27826.30078125,27836.494140625,27833.96484375,27837.38671875,27835.228515625,27840.77734375,27833.982421875,27831.892578125,27835.841796875,27843.267578125,27836.259765625,27837.46484375,27835.19140625,27828.833984375,27833.916015625,27826.869140625,27837.6015625,27846.73046875,27834.900390625,27835.544921875,27829.27734375,27837.01953125,27836.4609375,27842.16015625,27846.654296875,27832.228515625,27836.517578125
20200526_2,25652.8046875,27328.412109375,27651.611328125,27767.97265625,27799.7578125,27820.509765625,27829.171875,27824.97265625,27826.2265625,27836.427734375,27833.8984375,27837.31640625,27835.1640625,27840.70703125,27833.908203125,27831.826171875,27835.779296875,27843.201171875,27836.185546875,27837.39453125,27835.1171875,27828.76171875,27833.84765625,27826.8046875,27837.541015625,27846.669921875,27834.83203125,27835.48046875,27829.2109375,27836.95703125,27836.39453125,27842.091796875,27846.583984375,27832.1640625,27836.455078125
20200526_3,25656.19921875,27331.98828125,27655.19921875,27771.578125,27803.3671875,27824.123046875,27832.77734375,27828.58984375,27829.83984375,27840.037109375,27837.5,27840.923828125,27838.767578125,27844.314453125,27837.513671875,27835.435546875,27839.392578125,27846.810546875,27839.791015625,27840.998046875,27838.72265625,27832.36328125,27837.451171875,27830.408203125,27841.1484375,27850.28125,27838.4375,27839.0859375,27832.81640625,27840.572265625,27840.0078125,27845.703125,27850.193359375,27835.765625,27840.060546875
20200526_4,25651.68359375,27327.236328125,27650.400390625,27766.76953125,27798.55078125,27819.314453125,27827.966796875,27823.779296875,27825.013671875,27835.212890625,27832.67578125,27836.10546875,27833.94921875,27839.490234375,27832.6953125,27830.626953125,27834.576171875,27841.998046875,27834.97265625,27836.177734375,27833.896484375,27827.5390625,27832.6328125,27825.59375,27836.333984375,27845.46875,27833.62109375,27834.26953125,27827.998046875,27835.767578125,27835.189453125,27840.892578125,27845.37109375,27830.951171875,27835.248046875
20200526_5,25644.689453125,27319.8515625,27642.923828125,27759.263671875,27791.046875,27811.802734375,27820.447265625,27816.259765625,27817.501953125,27827.6875,27825.15234375,27828.583984375,27826.4375,27831.97265625,27825.17578125,27823.09765625,27827.056640625,27834.474609375,27827.44921875,27828.650390625,27826.369140625,27820.01171875,27825.107421875,27818.076171875,27828.8046875,27837.9453125,27826.09375,27826.74609375,27820.48046875,27828.2578125,27827.67578125,27833.37109375,27837.83984375,27823.427734375,27827.71875
20200526_6,25646.626953125,27321.9296875,27645.02734375,27761.380859375,27793.162109375,27813.9296875,27822.57421875,27818.38671875,27819.62109375,27829.8046875,27827.263671875,27830.69921875,27828.552734375,27834.09375,27827.29296875,27825.22265625,27829.171875,27836.591796875,27829.568359375,27830.765625,27828.482421875,27822.123046875,27827.224609375,27820.189453125,27830.92578125,27840.064453125,27828.21875,27828.86328125,27822.59765625,27830.38671875,27829.806640625,27835.5,27839.9609375,27825.552734375,27829.84765625
20200526_7,25647.78125,27323.27734375,27646.41796875,27762.7890625,27794.587890625,27815.341796875,27823.98828125,27819.8046875,27821.0390625,27831.216796875,27828.681640625,27832.12109375,27829.974609375,27835.515625,27828.712890625,27826.64453125,27830.591796875,27838.013671875,27830.990234375,27832.185546875,27829.904296875,27823.541015625,27828.630859375,27821.607421875,27832.345703125,27841.482421875,27829.63671875,27830.27734375,27824.0234375,27831.818359375,27831.22265625,27836.91796875,27841.37890625,27826.966796875,27831.263671875
20200526_8,25644.310546875,27319.43359375,27642.4921875,27758.828125,27790.619140625,27811.376953125,27820.017578125,27815.837890625,27817.06640625,27827.24609375,27824.705078125,27828.146484375,27826.005859375,27831.546875,27824.740234375,27822.669921875,27826.619140625,27834.0390625,27827.01171875,27828.212890625,27825.931640625,27819.572265625,27824.673828125,27817.640625,27828.375,27837.515625,27825.66796875,27826.30859375,27820.052734375,27827.845703125,27827.2578125,27832.951171875,27837.412109375,27823.0,27827.29296875
20200526_9,25640.642578125,27315.4765625,27638.458984375,27754.7734375,27786.5625,27807.30859375,27815.953125,27811.779296875,27812.998046875,27823.181640625,27820.6328125,27824.07421875,27821.94140625,27827.48046875,27820.67578125,27818.599609375,27822.55078125,27829.96875,27822.951171875,27824.150390625,27821.86328125,27815.50390625,27820.59375,27813.572265625,27824.310546875,27833.443359375,27821.599609375,27822.240234375,27815.990234375,27823.787109375,27823.197265625,27828.890625,27833.34375,27818.935546875,27823.228515625
20200526_10,25643.40625,27318.509765625,27641.552734375,27757.89453125,27789.697265625,27810.447265625,27819.099609375,27814.916015625,27816.138671875,27826.31640625,27823.767578125,27827.216796875,27825.083984375,27830.62109375,27823.814453125,27821.744140625,27825.6875,27833.111328125,27826.083984375,27827.283203125,27825.0,27818.638671875,27823.734375,27816.708984375,27827.4453125,27836.587890625,27824.736328125,27825.375,27819.12890625,27826.927734375,27826.33984375,27832.03125,27836.482421875,27822.068359375,27826.3671875
20200526_11,25644.09765625,27319.279296875,27642.337890625,27758.677734375,27790.49609375,27811.23828125,27819.8828125,27815.703125,27816.9296875,27827.10546875,27824.5546875,27828.001953125,27825.87109375,27831.41015625,27824.603515625,27822.533203125,27826.478515625,27833.8984375,27826.873046875,27828.078125,27825.791015625,27819.42578125,27824.517578125,27817.49609375,27828.23828125,27837.369140625,27825.529296875,27826.154296875,27819.921875,27827.72265625,27827.126953125,27832.81640625,27837.265625,27822.853515625,27827.154296875
20200526_12,25649.931640625,27325.44921875,27648.56640625,27764.93359375,27796.7578125,27817.50390625,27826.150390625,27821.970703125,27823.201171875,27833.376953125,27830.8203125,27834.271484375,27832.138671875,27837.6796875,27830.87109375,27828.798828125,27832.7421875,27840.16015625,27833.14453125,27834.34375,27832.0625,27825.6875,27830.78515625,27823.763671875,27834.505859375,27843.646484375,27831.8046875,27832.421875,27826.1875,27833.994140625,27833.404296875,27839.08984375,27843.537109375,27829.12109375,27833.42578125
20200526_13,25645.99609375,27321.341796875,27644.44140625,27760.80078125,27792.62890625,27813.369140625,27822.013671875,27817.8359375,27819.06640625,27829.2421875,27826.68359375,27830.140625,27828.005859375,27833.546875,27826.744140625,27824.6640625,27828.609375,27836.029296875,27829.01171875,27830.20703125,27827.93359375,27821.556640625,27826.6484375,27819.625,27830.37109375,27839.505859375,27827.6640625,27828.28515625,27822.0546875,27829.86328125,27829.26953125,27834.95703125,27839.404296875,27824.984375,27829.287109375
20200526_14,25641.515625,27316.51171875,27639.541015625,27755.87890625,27787.69921875,27808.43359375,27817.0703125,27812.900390625,27814.130859375,27824.302734375,27821.73828125,27825.201171875,27823.06640625,27828.60546875,27821.802734375,27819.720703125,27823.66015625,27831.087890625,27824.068359375,27825.267578125,27822.990234375,27816.611328125,27821.70703125,27814.6875,27825.431640625,27834.56640625,27822.7265625,27823.345703125,27817.119140625,27824.92578125,27824.333984375,27830.015625,27834.458984375,27820.04296875,27824.353515625
20200526_15,25640.478515625,27315.443359375,27638.474609375,27754.8125,27786.634765625,27807.365234375,27816.0078125,27811.828125,27813.064453125,27823.23046875,27820.66796875,27824.130859375,27821.990234375,27827.541015625,27820.732421875,27818.65625,27822.59765625,27830.017578125,27823.0078125,27824.19921875,27821.916015625,27815.541015625,27820.640625,27813.62109375,27824.3671875,27833.501953125,27821.658203125,27822.2734375,27816.05078125,27823.857421875,27823.26171875,27828.94140625,27833.39453125,27818.974609375,27823.28125
20200526_16,25625.318359375,27299.244140625,27622.064453125,27738.333984375,27770.1328125,27790.85546875,27799.48828125,27795.31640625,27796.546875,27806.712890625,27804.154296875,27807.609375,27805.474609375,27811.01171875,27804.216796875,27802.142578125,27806.0703125,27813.4921875,27806.486328125,27807.67578125,27805.396484375,27799.0234375,27804.109375,27797.099609375,27807.8359375,27816.962890625,27805.134765625,27805.751953125,27799.53125,27807.3359375,27806.744140625,27812.419921875,27816.861328125,27802.453125,27806.7578125
20200526_17,25618.07421875,27291.44921875,27614.150390625,27730.38671875,27762.162109375,27782.88671875,27791.515625,27787.34375,27788.57421875,27798.73828125,27796.185546875,27799.640625,27797.5,27803.044921875,27796.240234375,27794.171875,27798.09765625,27805.515625,27798.5078125,27799.70703125,27797.423828125,27791.046875,27796.140625,27789.130859375,27799.865234375,27808.990234375,27797.166015625,27797.787109375,27791.55859375,27799.353515625,27798.763671875,27804.443359375,27808.884765625,27794.484375,27798.78515625
20200526_18,25614.662109375,27287.787109375,27610.443359375,27726.662109375,27758.4296875,27779.150390625,27787.779296875,27783.611328125,27784.833984375,27795.001953125,27792.4453125,27795.89453125,27793.767578125,27799.30859375,27792.509765625,27790.435546875,27794.359375,27801.779296875,27794.76953125,27795.97265625,27793.685546875,27787.3125,27792.40234375,27785.39453125,27796.126953125,27805.25390625,27793.427734375,27794.044921875,27787.814453125,27795.619140625,27795.021484375,27800.705078125,27805.146484375,27790.7421875,27795.046875
20200526_19,25626.22265625,27300.10546875,27622.919921875,27739.1875,27770.966796875,27791.69921875,27800.34375,27796.1640625,27797.388671875,27807.572265625,27805.021484375,27808.466796875,27806.326171875,27811.869140625,27805.068359375,27802.994140625,27806.916015625,27814.341796875,27807.3359375,27808.541015625,27806.255859375,27799.8828125,27804.974609375,27797.953125,27808.689453125,27817.818359375,27805.986328125,27806.6171875,27800.37109375,27808.158203125,27807.576171875,27813.2578125,27817.7109375,27803.3046875,27807.609375
20200526_20,25634.869140625,27309.36328125,27632.3203125,27748.625,27780.41796875,27801.1484375,27809.794921875,27805.619140625,27806.859375,27817.037109375,27814.484375,27817.931640625,27815.791015625,27821.33203125,27814.533203125,27812.453125,27816.388671875,27823.806640625,27816.806640625,27818.01171875,27815.724609375,27809.35546875,27814.44140625,27807.4140625,27818.15234375,27827.279296875,27815.453125,27816.076171875,27809.8359375,27817.62109375,27817.03515625,27822.720703125,27827.1875,27812.767578125,27817.07421875
20200526_21,25638.75,27313.615234375,27636.66015625,27752.9921875,27784.80078125,27805.52734375,27814.177734375,27809.994140625,27811.244140625,27821.419921875,27818.873046875,27822.310546875,27820.169921875,27825.7109375,27818.916015625,27816.833984375,27820.767578125,27828.189453125,27821.19140625,27822.3984375,27820.111328125,27813.7421875,27818.822265625,27811.8046875,27822.5390625,27831.65625,27819.83203125,27820.462890625,27814.220703125,27821.990234375,27821.41015625,27827.091796875,27831.5703125,27817.154296875,27821.453125
20200526_22,25647.275390625,27322.724609375,27645.89453125,27762.26171875,27794.068359375,27814.810546875,27823.466796875,27819.279296875,27820.521484375,27830.712890625,27828.173828125,27831.609375,27829.462890625,27835.009765625,27828.20703125,27826.123046875,27830.06640625,27837.4921875,27830.484375,27831.693359375,27829.412109375,27823.04296875,27828.126953125,27821.09375,27831.830078125,27840.9609375,27829.12890625,27829.76171875,27823.5078125,27831.27734375,27830.697265625,27836.39453125,27840.87890625,27826.44921875,27830.748046875
20200526_23,25650.908203125,27326.552734375,27649.7734375,27766.15234375,27797.962890625,27818.697265625,27827.361328125,27823.173828125,27824.427734375,27834.61328125,27832.07421875,27835.5,27833.3515625,27838.90625,27832.111328125,27830.01953125,27833.962890625,27841.388671875,27834.3828125,27835.58984375,27833.310546875,27826.94140625,27832.0234375,27824.9921875,27835.73046875,27844.85546875,27833.0234375,27833.658203125,27827.40625,27835.16015625,27834.587890625,27840.28515625,27844.775390625,27830.3515625,27834.642578125
20200527_0,25653.46875,27329.23828125,27652.49609375,27768.873046875,27800.6796875,27821.4140625,27830.078125,27825.8828125,27827.1484375,27837.341796875,27834.8046875,27838.2265625,27836.07421875,27841.62109375,27834.83203125,27832.7421875,27836.6953125,27844.111328125,27837.10546875,27838.3125,27836.03515625,27829.6796875,27834.751953125,27827.712890625,27838.44921875,27847.580078125,27835.7421875,27836.3828125,27830.126953125,27837.875,27837.310546875,27843.00390625,27847.50390625,27833.068359375,27837.36328125
20200527_1,25653.330078125,27329.087890625,27652.33984375,27768.71484375,27800.51171875,27821.259765625,27829.919921875,27825.73046875,27826.98046875,27837.177734375,27834.6484375,27838.06640625,27835.9140625,27841.45703125,27834.669921875,27832.58203125,27836.53125,27843.958984375,27836.9453125,27838.150390625,27835.873046875,27829.517578125,27834.59375,27827.556640625,27838.287109375,27847.416015625,27835.58203125,27836.228515625,27829.962890625,27837.712890625,27837.14453125,27842.84765625,27847.34375,27832.912109375,27837.203125
20200527_2,25656.357421875,27332.302734375,27655.57421875,27771.96875,27803.765625,27824.509765625,27833.171875,27828.98046875,27830.236328125,27840.431640625,27837.896484375,27841.3203125,27839.1640625,27844.708984375,27837.91796875,27835.833984375,27839.79296875,27847.2109375,27840.197265625,27841.40234375,27839.12109375,27832.765625,27837.845703125,27830.806640625,27841.54296875,27850.67578125,27838.83203125,27839.482421875,27833.216796875,27840.97265625,27840.40234375,27846.103515625,27850.591796875,27836.166015625,27840.45703125
20200527_3,25654.779296875,27330.6875,27653.935546875,27770.33203125,27802.12890625,27822.880859375,27831.541015625,27827.34765625,27828.599609375,27838.787109375,27836.25390625,27839.67578125,27837.5234375,27843.072265625,27836.2734375,27834.193359375,27838.150390625,27845.57421875,27838.556640625,27839.755859375,27837.482421875,27831.12109375,27836.208984375,27829.17578125,27839.908203125,27849.044921875,27837.197265625,27837.845703125,27831.580078125,27839.34765625,27838.7734375,27844.470703125,27848.95703125,27834.53125,27838.822265625
20200527_4,25656.955078125,27333.06640625,27656.35546875,27772.767578125,27804.5703125,27825.326171875,27833.984375,27829.7890625,27831.044921875,27841.2265625,27838.69140625,27842.123046875,27839.970703125,27845.515625,27838.720703125,27836.6328125,27840.59375,27848.013671875,27840.99609375,27842.193359375,27839.91796875,27833.5625,27838.646484375,27831.611328125,27842.353515625,27851.486328125,27839.63671875,27840.28125,27834.01953125,27841.7890625,27841.208984375,27846.9140625,27851.392578125,27836.966796875,27841.259765625
20200527_5,25656.232421875,27332.330078125,27655.60546875,27772.01953125,27803.822265625,27824.583984375,27833.240234375,27829.048828125,27830.291015625,27840.4765625,27837.9375,27841.373046875,27839.21875,27844.765625,27837.96484375,27835.884765625,27839.849609375,27847.263671875,27840.24609375,27841.443359375,27839.15625,27832.802734375,27837.89453125,27830.861328125,27841.603515625,27850.744140625,27838.888671875,27839.537109375,27833.26953125,27841.056640625,27840.470703125,27846.162109375,27850.642578125,27836.21875,27840.513671875
20200527_6,25653.771484375,27329.646484375,27652.859375,27769.26171875,27801.0625,27821.830078125,27830.4765625,27826.287109375,27827.52734375,27837.708984375,27835.169921875,27838.607421875,27836.458984375,27842.0,27835.197265625,27833.123046875,27837.078125,27844.501953125,27837.478515625,27838.671875,27836.390625,27830.029296875,27835.123046875,27828.091796875,27838.833984375,27847.97265625,27836.119140625,27836.763671875,27830.501953125,27838.30078125,27837.708984375,27843.40234375,27847.87109375,27833.455078125,27837.755859375
20200527_7,25653.2109375,27328.986328125,27652.18359375,27768.57421875,27800.3828125,27821.142578125,27829.787109375,27825.60546875,27826.83984375,27837.017578125,27834.4765625,27837.916015625,27835.767578125,27841.3125,27834.505859375,27832.43359375,27836.384765625,27843.80859375,27836.787109375,27837.984375,27835.69921875,27829.337890625,27834.431640625,27827.400390625,27838.146484375,27847.279296875,27835.4296875,27836.072265625,27829.8203125,27837.62109375,27837.03125,27842.71875,27847.1796875,27832.765625,27837.060546875
20200527_8,25647.998046875,27323.376953125,27646.478515625,27762.837890625,27794.6328125,27815.384765625,27824.029296875,27819.845703125,27821.08203125,27831.26171875,27828.716796875,27832.16015625,27830.01953125,27835.556640625,27828.751953125,27826.677734375,27830.62890625,27838.052734375,27831.029296875,27832.2265625,27829.9453125,27823.58203125,27828.67578125,27821.646484375,27832.388671875,27841.52734375,27829.68359375,27830.318359375,27824.068359375,27831.86328125,27831.271484375,27836.962890625,27841.423828125,27827.005859375,27831.306640625
20200527_9,25640.12890625,27314.92578125,27637.90234375,27754.22265625,27786.009765625,27806.76171875,27815.400390625,27811.220703125,27812.447265625,27822.625,27820.080078125,27823.52734375,27821.38671875,27826.92578125,27820.1171875,27818.05078125,27821.998046875,27829.416015625,27822.392578125,27823.59375,27821.3046875,27814.94140625,27820.04296875,27813.013671875,27823.75390625,27832.89453125,27821.046875,27821.68359375,27815.431640625,27823.232421875,27822.642578125,27828.33203125,27832.779296875,27818.37890625,27822.67578125
20200527_10,25642.900390625,27317.94921875,27640.966796875,27757.306640625,27789.111328125,27809.859375,27818.498046875,27814.318359375,27815.548828125,27825.728515625,27823.177734375,27826.62890625,27824.494140625,27830.033203125,27823.220703125,27821.150390625,27825.09765625,27832.517578125,27825.490234375,27826.69140625,27824.41015625,27818.037109375,27823.134765625,27816.1171875,27826.859375,27835.99609375,27824.15234375,27824.783203125,27818.537109375,27826.349609375,27825.75,27831.435546875,27835.884765625,27821.47265625,27825.7734375
20200527_11,25635.90234375,27310.48046875,27633.412109375,27749.7109375,27781.5078125,27802.25390625,27810.890625,27806.71484375,27807.931640625,27818.107421875,27815.55859375,27819.015625,27816.8828125,27822.416015625,27815.609375,27813.54296875,27817.484375,27824.8984375,27817.87890625,27819.078125,27816.79296875,27810.42578125,27815.52734375,27808.505859375,27819.240234375,27828.376953125,27816.5390625,27817.162109375,27810.921875,27818.740234375,27818.138671875,27823.82421875,27828.263671875,27813.861328125,27818.162109375
20200527_12,25633.408203125,27307.849609375,27630.748046875,27747.05078125,27778.849609375,27799.59375,27808.220703125,27804.048828125,27805.26953125,27815.44140625,27812.890625,27816.34765625,27814.220703125,27819.755859375,27812.94921875,27810.880859375,27814.810546875,27822.23828125,27815.216796875,27816.412109375,27814.126953125,27807.755859375,27812.8515625,27805.830078125,27816.576171875,27825.7109375,27813.875,27814.494140625,27808.2578125,27816.080078125,27815.48046875,27821.166015625,27825.60546875,27811.201171875,27815.5
20200527_13,25631.595703125,27305.892578125,27628.763671875,27745.056640625,27776.857421875,27797.599609375,27806.2265625,27802.060546875,27803.275390625,27813.4453125,27810.892578125,27814.345703125,27812.21875,27817.751953125,27810.947265625,27808.87890625,27812.810546875,27820.23046875,27813.21484375,27814.4140625,27812.126953125,27805.748046875,27810.8515625,27803.8359375,27814.576171875,27823.71484375,27811.87890625,27812.4921875,27806.26171875,27814.08203125,27813.48046875,27819.162109375,27823.58984375,27809.193359375,27813.498046875
20200527_14,25630.724609375,27305.046875,27627.93359375,27744.234375,27776.0390625,27796.771484375,27805.404296875,27801.236328125,27802.45703125,27812.623046875,27810.06640625,27813.529296875,27811.400390625,27816.931640625,27810.1328125,27808.0546875,27811.990234375,27819.40625,27812.39453125,27813.59375,27811.3125,27804.93359375,27810.025390625,27803.01171875,27813.75390625,27822.888671875,27811.056640625,27811.66796875,27805.4453125,27813.267578125,27812.66015625,27818.33984375,27822.779296875,27808.373046875,27812.681640625
20200527_15,25633.224609375,27307.74609375,27630.6796875,27746.98828125,27778.8125,27799.53515625,27808.166015625,27804.0,27805.224609375,27815.38671875,27812.830078125,27816.294921875,27814.1640625,27819.701171875,27812.89453125,27810.818359375,27814.755859375,27822.171875,27815.16796875,27816.3671875,27814.078125,27807.69921875,27812.7890625,27805.77734375,27816.521484375,27825.646484375,27813.822265625,27814.43359375,27808.21484375,27816.025390625,27815.42578125,27821.1015625,27825.546875,27811.13671875,27815.443359375
20200527_16,25632.765625,27307.412109375,27630.388671875,27746.71875,27778.548828125,27799.265625,27807.904296875,27803.73046875,27804.962890625,27815.125,27812.5625,27816.02734375,27813.892578125,27819.4375,27812.634765625,27810.55859375,27814.486328125,27821.912109375,27814.904296875,27816.10546875,27813.81640625,27807.439453125,27812.525390625,27805.51171875,27816.2578125,27825.38671875,27813.55859375,27814.1640625,27807.94921875,27815.755859375,27815.16015625,27820.83984375,27825.287109375,27810.875,27815.185546875
20200527_17,25623.548828125,27297.52734375,27620.373046875,27736.65234375,27768.470703125,27789.177734375,27797.814453125,27793.64453125,27794.87890625,27805.037109375,27802.47265625,27805.935546875,27803.8046875,27809.341796875,27802.541015625,27800.4609375,27804.390625,27811.810546875,27804.814453125,27806.013671875,27803.720703125,27797.34765625,27802.431640625,27795.427734375,27806.1640625,27815.28515625,27803.46484375,27804.076171875,27797.861328125,27805.66015625,27805.0625,27810.73828125,27815.18359375,27800.779296875,27805.08984375
20200527_18,25620.052734375,27293.82421875,27616.634765625,27732.900390625,27764.712890625,27785.41796875,27794.0546875,27789.8828125,27791.12109375,27801.27734375,27798.71875,27802.173828125,27800.037109375,27805.578125,27798.78125,27796.69921875,27800.6328125,27808.05078125,27801.056640625,27802.251953125,27799.970703125,27793.595703125,27798.67578125,27791.671875,27802.404296875,27811.521484375,27799.703125,27800.3125,27794.099609375,27801.892578125,27801.30078125,27806.9765625,27811.4296875,27797.021484375,27801.3203125
20200527_19,25631.94921875,27306.46875,27629.443359375,27745.759765625,27777.578125,27798.29296875,27806.939453125,27802.76171875,27804.001953125,27814.171875,27811.615234375,27815.0625,27812.923828125,27818.470703125,27811.671875,27809.5859375,27813.525390625,27820.94921875,27813.943359375,27815.146484375,27812.865234375,27806.4921875,27811.576171875,27804.55859375,27815.294921875,27824.4140625,27812.587890625,27813.2109375,27806.984375,27814.765625,27814.1796875,27819.86328125,27824.33203125,27809.912109375,27814.20703125
20200527_20,25642.830078125,27318.083984375,27641.21484375,27757.576171875,27789.404296875,27810.125,27818.77734375,27814.6015625,27815.84765625,27826.021484375,27823.46484375,27826.908203125,27824.771484375,27830.31640625,27823.51953125,27821.4296875,27825.36328125,27832.794921875,27825.79296875,27827.001953125,27824.71484375,27818.3359375,27823.421875,27816.400390625,27827.140625,27836.26171875,27824.4375,27825.0546875,27818.828125,27826.6015625,27826.0234375,27831.703125,27836.185546875,27821.7578125,27826.056640625
20200527_21,25648.41796875,27323.923828125,27647.099609375,27763.470703125,27795.298828125,27816.0234375,27824.67578125,27820.498046875,27821.751953125,27831.931640625,27829.376953125,27832.818359375,27830.671875,27836.216796875,27829.423828125,27827.3359375,27831.271484375,27838.703125,27831.69921875,27832.91015625,27830.625,27824.25,27829.3359375,27822.310546875,27833.046875,27842.171875,27830.341796875,27830.96875,27824.72265625,27832.494140625,27831.916015625,27837.60546875,27842.09375,27827.666015625,27831.9609375
20200527_22,25649.501953125,27324.974609375,27648.140625,27764.5078125,27796.310546875,27817.048828125,27825.708984375,27821.5234375,27822.771484375,27832.962890625,27830.4140625,27833.84765625,27831.69921875,27837.24609375,27830.453125,27828.359375,27832.30078125,27839.732421875,27832.72265625,27833.935546875,27831.654296875,27825.283203125,27830.3671875,27823.33203125,27834.068359375,27843.203125,27831.369140625,27832.0,27825.748046875,27833.5078125,27832.94140625,27838.626953125,27843.11328125,27828.6953125,27832.986328125
20200527_23,25653.912109375,27329.673828125,27652.908203125,27769.287109375,27801.09765625,27821.8359375,27830.49609375,27826.30859375,27827.5625,27837.759765625,27835.21875,27838.642578125,27836.494140625,27842.0390625,27835.240234375,27833.150390625,27837.1015625,27844.525390625,27837.521484375,27838.732421875,27836.453125,27830.083984375,27835.16796875,27828.126953125,27838.86328125,27847.990234375,27836.158203125,27836.798828125,27830.541015625,27838.29296875,27837.72265625,27843.4140625,27847.912109375,27833.482421875,27837.77734375
20200528_0,25651.267578125,27326.84375,27650.0390625,27766.396484375,27798.201171875,27818.9375,27827.59765625,27823.416015625,27824.666015625,27834.859375,27832.318359375,27835.7421875,27833.59375,27839.142578125,27832.341796875,27830.2578125,27834.203125,27841.626953125,27834.623046875,27835.8359375,27833.552734375,27827.1875,27832.26953125,27825.234375,27835.962890625,27845.09375,27833.263671875,27833.900390625,27827.640625,27835.38671875,27834.822265625,27840.51953125,27845.01953125,27830.5859375,27834.8828125
20200528_1,25644.96484375,27320.060546875,27643.162109375,27759.494140625,27791.275390625,27812.015625,27820.6796875,27816.484375,27817.728515625,27827.9296875,27825.39453125,27828.814453125,27826.662109375,27832.212890625,27825.412109375,27823.328125,27827.27734375,27834.701171875,27827.6875,27828.8984375,27826.619140625,27820.26171875,27825.345703125,27818.302734375,27829.044921875,27838.171875,27826.337890625,27826.982421875,27820.712890625,27828.4609375,27827.896484375,27833.587890625,27838.0859375,27823.66796875,27827.958984375
20200528_2,25645.337890625,27320.498046875,27643.609375,27759.9453125,27791.724609375,27812.474609375,27821.12890625,27816.939453125,27818.18359375,27828.38671875,27825.857421875,27829.2734375,27827.12109375,27832.6640625,27825.87109375,27823.78515625,27827.73828125,27835.166015625,27828.146484375,27829.353515625,27827.076171875,27820.716796875,27825.8046875,27818.765625,27829.49609375,27838.625,27826.787109375,27827.4375,27821.16796875,27828.921875,27828.349609375,27834.048828125,27838.541015625,27824.12109375,27828.412109375
20200528_3,25643.87890625,27318.869140625,27641.93359375,27758.26171875,27790.03125,27810.78125,27819.431640625,27815.248046875,27816.4921875,27826.69140625,27824.15234375,27827.57421875,27825.419921875,27830.96484375,27824.16796875,27822.091796875,27826.04296875,27833.458984375,27826.443359375,27827.65234375,27825.37890625,27819.01953125,27824.109375,27817.0703125,27827.794921875,27836.927734375,27825.091796875,27825.73828125,27819.46875,27827.21875,27826.65625,27832.35546875,27836.83984375,27822.419921875,27826.70703125
20200528_4,25645.798828125,27320.95703125,27644.056640625,27760.40234375,27792.171875,27812.92578125,27821.572265625,27817.384765625,27818.626953125,27828.826171875,27826.29296875,27829.716796875,27827.5625,27833.107421875,27826.3046875,27824.228515625,27828.185546875,27835.603515625,27828.583984375,27829.79296875,27827.51171875,27821.15234375,27826.24609375,27819.203125,27829.939453125,27839.07421875,27827.23046875,27827.880859375,27821.61328125,27829.369140625,27828.80078125,27834.50390625,27838.978515625,27824.564453125,27828.85546875
20200528_5,25635.6953125,27310.0703125,27633.0078125,27749.296875,27781.044921875,27801.802734375,27810.4375,27806.255859375,27807.494140625,27817.689453125,27815.15625,27818.58203125,27816.4296875,27821.970703125,27815.169921875,27813.09765625,27817.048828125,27824.462890625,27817.4453125,27818.6484375,27816.369140625,27810.01171875,27815.107421875,27808.07421875,27818.802734375,27827.9375,27816.08984375,27816.7421875,27810.47265625,27818.240234375,27817.669921875,27823.36328125,27827.837890625,27813.431640625,27817.716796875
20200528_6,25634.53515625,27308.7890625,27631.681640625,27747.96484375,27779.708984375,27800.46875,27809.10546875,27804.923828125,27806.1484375,27816.34375,27813.8125,27817.236328125,27815.087890625,27820.62890625,27813.828125,27811.759765625,27815.70703125,27823.123046875,27816.09765625,27817.296875,27815.01953125,27808.66015625,27813.7578125,27806.720703125,27817.458984375,27826.58984375,27814.748046875,27815.3984375,27809.130859375,27816.90625,27816.33203125,27822.025390625,27826.4921875,27812.083984375,27816.37890625
20200528_7,25642.3359375,27317.166015625,27640.1640625,27756.474609375,27788.24609375,27809.00390625,27817.6484375,27813.46484375,27814.6953125,27824.890625,27822.349609375,27825.78125,27823.638671875,27829.173828125,27822.37109375,27820.3046875,27824.259765625,27831.673828125,27824.6484375,27825.8515625,27823.564453125,27817.208984375,27822.3046875,27815.26953125,27826.0078125,27835.142578125,27823.294921875,27823.943359375,27817.677734375,27825.46484375,27824.88671875,27830.580078125,27835.0390625,27820.626953125,27824.923828125
20200528_8,25639.728515625,27314.412109375,27637.365234375,27753.66796875,27785.43359375,27806.203125,27814.841796875,27810.66015625,27811.884765625,27822.0703125,27819.525390625,27822.96875,27820.82421875,27826.361328125,27819.55859375,27817.490234375,27821.443359375,27828.8515625,27821.828125,27823.03125,27820.75,27814.38671875,27819.486328125,27812.45703125,27823.193359375,27832.330078125,27820.484375,27821.125,27814.865234375,27822.66015625,27822.07421875,27827.767578125,27832.212890625,27817.810546875,27822.111328125
20200528_9,25630.61328125,27304.775390625,27627.62109375,27743.896484375,27775.658203125,27796.41796875,27805.044921875,27800.869140625,27802.091796875,27812.267578125,27809.728515625,27813.16796875,27811.029296875,27816.5625,27809.7578125,27807.69921875,27811.64453125,27819.0625,27812.029296875,27813.228515625,27810.9453125,27804.5859375,27809.68359375,27802.66015625,27813.396484375,27822.53125,27810.689453125,27811.328125,27805.07421875,27812.87890625,27812.2890625,27817.9765625,27822.4140625,27808.0234375,27812.318359375
20200528_10,25626.13671875,27300.037109375,27622.828125,27739.091796875,27770.857421875,27791.60546875,27800.234375,27796.05859375,27797.28125,27807.44921875,27804.8984375,27808.34765625,27806.216796875,27811.751953125,27804.9453125,27802.884765625,27806.8203125,27814.23828125,27807.21875,27808.416015625,27806.130859375,27799.767578125,27804.8671875,27797.84375,27808.58203125,27817.71875,27805.87109375,27806.509765625,27800.263671875,27808.076171875,27807.4765625,27813.1640625,27817.599609375,27803.19921875,27807.498046875
20200528_11,25620.880859375,27294.337890625,27617.025390625,27733.2578125,27765.013671875,27785.765625,27794.384765625,27790.21875,27791.4296875,27801.6015625,27799.052734375,27802.50390625,27800.375,27805.90234375,27799.099609375,27797.037109375,27800.974609375,27808.38671875,27801.369140625,27802.56640625,27800.283203125,27793.916015625,27799.015625,27791.998046875,27802.732421875,27811.865234375,27800.02734375,27800.66015625,27794.416015625,27802.23046875,27801.630859375,27807.318359375,27811.74609375,27797.353515625,27801.65234375
20200528_12,25617.38671875,27290.658203125,27613.3046875,27729.525390625,27761.28515625,27782.03125,27790.6484375,27786.482421875,27787.69140625,27797.86328125,27795.318359375,27798.767578125,27796.638671875,27802.169921875,27795.3671875,27793.302734375,27797.236328125,27804.65234375,27797.634765625,27798.830078125,27796.548828125,27790.177734375,27795.27734375,27788.263671875,27798.9921875,27808.125,27796.294921875,27796.919921875,27790.68359375,27798.5,27797.896484375,27803.578125,27808.00390625,27793.623046875,27797.923828125
20200528_13,25611.0234375,27283.93359375,27606.521484375,27722.712890625,27754.474609375,27775.2109375,27783.830078125,27779.666015625,27780.87890625,27791.046875,27788.490234375,27791.9453125,27789.818359375,27795.3515625,27788.54296875,27786.486328125,27790.4140625,27797.82421875,27790.8125,27792.01171875,27789.73046875,27783.361328125,27788.455078125,27781.447265625,27792.173828125,27801.30078125,27789.4765625,27790.09765625,27783.86328125,27791.681640625,27791.083984375,27796.763671875,27801.1796875,27786.80078125,27791.1015625
20200528_14,25605.376953125,27277.95703125,27600.4765625,27716.65625,27748.4140625,27769.142578125,27777.759765625,27773.59375,27774.806640625,27784.970703125,27782.41796875,27785.87109375,27783.74609375,27789.27734375,27782.470703125,27780.40625,27784.333984375,27791.75,27784.73828125,27785.931640625,27783.654296875,27777.283203125,27782.376953125,27775.3671875,27786.09765625,27795.228515625,27783.3984375,27784.021484375,27777.791015625,27785.60546875,27785.001953125,27790.681640625,27795.107421875,27780.724609375,27785.021484375
20200528_15,25603.5625,27275.9765625,27598.48046875,27714.640625,27746.40625,27767.126953125,27775.740234375,27771.576171875,27772.79296875,27782.953125,27780.400390625,27783.849609375,27781.728515625,27787.26171875,27780.458984375,27778.392578125,27782.314453125,27789.728515625,27782.724609375,27783.921875,27781.63671875,27775.267578125,27780.361328125,27773.349609375,27784.078125,27793.205078125,27781.38671875,27782.005859375,27775.779296875,27783.587890625,27782.98828125,27788.662109375,27793.087890625,27778.708984375,27783.005859375
20200528_16,25603.5703125,27276.0078125,27598.529296875,27714.69140625,27746.451171875,27767.169921875,27775.7890625,27771.626953125,27772.84375,27783.013671875,27780.453125,27783.91015625,27781.78125,27787.310546875,27780.515625,27778.447265625,27782.36328125,27789.783203125,27782.77734375,27783.98046875,27781.6953125,27775.326171875,27780.4140625,27773.40625,27784.1328125,27793.255859375,27781.4375,27782.056640625,27775.83203125,27783.634765625,27783.0390625,27788.716796875,27793.146484375,27778.75390625,27783.060546875
20200528_17,25597.36328125,27269.294921875,27591.7109375,27707.841796875,27739.59375,27760.302734375,27768.923828125,27764.759765625,27765.978515625,27776.13671875,27773.58203125,27777.037109375,27774.90625,27780.44140625,27773.640625,27771.578125,27775.49609375,27782.912109375,27775.908203125,27777.107421875,27774.82421875,27768.453125,27773.544921875,27766.537109375,27777.26171875,27786.3828125,27774.564453125,27775.177734375,27768.9609375,27776.7578125,27776.166015625,27781.837890625,27786.271484375,27771.8828125,27776.18359375
20200528_18,25589.869140625,27261.3828125,27583.724609375,27699.833984375,27731.572265625,27752.275390625,27760.892578125,27756.73046875,27757.953125,27768.109375,27765.55078125,27769.005859375,27766.876953125,27772.412109375,27765.615234375,27763.544921875,27767.462890625,27774.87890625,27767.880859375,27769.08203125,27766.798828125,27760.4296875,27765.51171875,27758.509765625,27769.236328125,27778.349609375,27766.53515625,27767.15625,27760.93359375,27768.71875,27768.13671875,27773.806640625,27778.23828125,27763.857421875,27768.16015625
20200528_19,25603.1953125,27275.638671875,27598.185546875,27714.345703125,27746.11328125,27766.818359375,27775.443359375,27771.28125,27772.5078125,27782.671875,27780.12109375,27783.564453125,27781.4296875,27786.974609375,27780.169921875,27778.09375,27782.017578125,27789.439453125,27782.44140625,27783.6484375,27781.36328125,27774.99609375,27780.076171875,27773.064453125,27783.791015625,27792.908203125,27781.099609375,27781.71484375,27775.484375,27783.265625,27782.681640625,27788.357421875,27792.810546875,27778.4140625,27782.712890625
20200528_20,25616.552734375,27289.96484375,27612.728515625,27728.951171875,27760.740234375,27781.443359375,27790.087890625,27785.91015625,27787.154296875,27797.318359375,27794.771484375,27798.208984375,27796.0703125,27801.615234375,27794.81640625,27792.740234375,27796.66796875,27804.08203125,27797.091796875,27798.30078125,27796.013671875,27789.65234375,27794.7265625,27787.71484375,27798.44140625,27807.552734375,27795.744140625,27796.357421875,27790.13671875,27797.900390625,27797.318359375,27802.9921875,27807.466796875,27793.05859375,27797.35546875
20200528_21,25629.705078125,27303.919921875,27626.845703125,27743.119140625,27774.91796875,27795.626953125,27804.27734375,27800.103515625,27801.3515625,27811.5234375,27808.974609375,27812.416015625,27810.275390625,27815.818359375,27809.0234375,27806.935546875,27810.873046875,27818.291015625,27811.29296875,27812.505859375,27810.2265625,27803.85546875,27808.927734375,27801.916015625,27812.640625,27821.759765625,27809.94140625,27810.56640625,27804.33203125,27812.087890625,27811.513671875,27817.19140625,27821.67578125,27807.267578125,27811.55859375
20200528_22,25633.1640625,27307.54296875,27630.494140625,27746.77734375,27778.564453125,27799.28515625,27807.93359375,27803.75390625,27804.998046875,27815.1796875,27812.640625,27816.06640625,27813.923828125,27819.46875,27812.669921875,27810.5859375,27814.52734375,27821.953125,27814.94921875,27816.16015625,27813.876953125,27807.513671875,27812.59765625,27805.568359375,27816.296875,27825.419921875,27813.595703125,27814.234375,27807.986328125,27815.732421875,27815.162109375,27820.8515625,27825.3359375,27810.921875,27815.2109375
20200528_23,25637.619140625,27312.42578125,27635.474609375,27751.794921875,27783.587890625,27804.314453125,27812.966796875,27808.78515625,27810.03125,27820.216796875,27817.67578125,27821.103515625,27818.958984375,27824.5,27817.703125,27815.6171875,27819.55859375,27826.990234375,27819.98828125,27821.201171875,27818.9140625,27812.552734375,27817.630859375,27810.60546875,27821.333984375,27830.455078125,27818.6328125,27819.265625,27813.015625,27820.767578125,27820.1953125,27825.880859375,27830.37890625,27815.95703125,27820.251953125
20200529_0,25638.5234375,27313.318359375,27636.369140625,27752.685546875,27784.4765625,27805.201171875,27813.85546875,27809.67578125,27810.927734375,27821.109375,27818.572265625,27821.994140625,27819.8515625,27825.384765625,27818.59765625,27816.5078125,27820.4609375,27827.876953125,27820.87890625,27822.087890625,27819.806640625,27813.451171875,27818.5234375,27811.49609375,27822.220703125,27831.341796875,27819.5234375,27820.158203125,27813.90625,27821.650390625,27821.080078125,27826.765625,27831.263671875,27816.849609375,27821.13671875
20200529_1,25627.859375,27301.939453125,27624.83984375,27741.109375,27772.8828125,27793.6015625,27802.25,27798.072265625,27799.31640625,27809.494140625,27806.9609375,27810.384765625,27808.232421875,27813.779296875,27806.990234375,27804.90234375,27808.8515625,27816.265625,27809.26171875,27810.46875,27808.193359375,27801.8359375,27806.908203125,27799.888671875,27810.609375,27819.73046875,27807.90625,27808.546875,27802.30078125,27810.04296875,27809.470703125,27815.15625,27819.64453125,27805.236328125,27809.529296875
20200529_2,25621.5625,27295.1875,27617.9921875,27734.228515625,27765.982421875,27786.712890625,27795.353515625,27791.177734375,27792.41796875,27802.599609375,27800.056640625,27803.48828125,27801.337890625,27806.873046875,27800.0859375,27798.009765625,27801.953125,27809.3671875,27802.3671875,27803.56640625,27801.287109375,27794.931640625,27800.017578125,27792.986328125,27803.712890625,27812.833984375,27801.01171875,27801.650390625,27795.396484375,27803.154296875,27802.578125,27808.26953125,27812.7421875,27798.337890625,27802.625
20200529_3,25621.962890625,27295.62109375,27618.421875,27734.66015625,27766.41015625,27787.15234375,27795.794921875,27791.61328125,27792.849609375,27803.037109375,27800.5,27803.92578125,27801.78125,27807.3125,27800.51953125,27798.44921875,27802.396484375,27809.810546875,27802.798828125,27804.0,27801.720703125,27795.359375,27800.44921875,27793.416015625,27804.1484375,27813.275390625,27801.435546875,27802.08984375,27795.822265625,27803.59375,27803.01953125,27808.71484375,27813.17578125,27798.779296875,27803.06640625
20200529_4,25621.80078125,27295.462890625,27618.26953125,27734.513671875,27766.26171875,27786.998046875,27795.638671875,27791.455078125,27792.6953125,27802.875,27800.337890625,27803.759765625,27801.61328125,27807.154296875,27800.36328125,27798.2890625,27802.240234375,27809.65234375,27802.63671875,27803.828125,27801.552734375,27795.201171875,27800.291015625,27793.263671875,27803.990234375,27813.12109375,27801.28125,27801.927734375,27795.669921875,27803.443359375,27802.86328125,27808.5546875,27813.021484375,27798.619140625,27802.912109375
20200529_5,25607.91796875,27280.6328125,27603.232421875,27719.416015625,27751.138671875,27771.876953125,27780.50390625,27776.328125,27777.560546875,27787.736328125,27785.19921875,27788.634765625,27786.484375,27792.017578125,27785.228515625,27783.158203125,27787.10546875,27794.51171875,27787.498046875,27788.69140625,27786.416015625,27780.060546875,27785.15625,27778.130859375,27788.857421875,27797.974609375,27786.142578125,27786.79296875,27780.5390625,27788.310546875,27787.724609375,27793.419921875,27797.873046875,27783.482421875,27787.77734375
20200529_6,25602.65234375,27275.083984375,27597.62890625,27713.787109375,27745.509765625,27766.25,27774.875,27770.703125,27771.927734375,27782.09765625,27779.5625,27783.001953125,27780.853515625,27786.384765625,27779.59765625,27777.53125,27781.466796875,27788.876953125,27781.857421875,27783.052734375,27780.77734375,27774.4296875,27779.517578125,27772.494140625,27783.220703125,27792.345703125,27780.513671875,27781.158203125,27774.904296875,27782.689453125,27782.103515625,27787.791015625,27792.23828125,27777.849609375,27782.140625
20200529_7,25605.51171875,27278.14453125,27600.71484375,27716.89453125,27748.62109375,27769.359375,27777.98828125,27773.810546875,27775.0390625,27785.205078125,27782.662109375,27786.103515625,27783.962890625,27789.494140625,27782.701171875,27780.634765625,27784.572265625,27791.986328125,27784.970703125,27786.162109375,27783.880859375,27777.5234375,27782.623046875,27775.603515625,27786.330078125,27795.455078125,27783.619140625,27784.263671875,27778.017578125,27785.810546875,27785.220703125,27790.90625,27795.34375,27780.95703125,27785.251953125
20200529_8,25609.875,27282.7421875,27605.353515625,27721.541015625,27753.283203125,27774.015625,27782.650390625,27778.470703125,27779.6953125,27789.86328125,27787.318359375,27790.763671875,27788.626953125,27794.154296875,27787.357421875,27785.291015625,27789.2421875,27796.646484375,27789.626953125,27790.826171875,27788.54296875,27782.185546875,27787.27734375,27780.255859375,27790.9921875,27800.119140625,27788.283203125,27788.923828125,27782.67578125,27790.470703125,27789.876953125,27795.56640625,27800.00390625,27785.615234375,27789.90625
20200529_9,25610.80859375,27283.7890625,27606.408203125,27722.6015625,27754.35546875,27775.0859375,27783.71484375,27779.541015625,27780.767578125,27790.92578125,27788.37890625,27791.82421875,27789.69140625,27795.21875,27788.421875,27786.357421875,27790.3046875,27797.70703125,27790.693359375,27791.890625,27789.609375,27783.251953125,27788.34375,27781.328125,27792.060546875,27801.181640625,27789.3515625,27789.984375,27783.74609375,27791.541015625,27790.9453125,27796.6328125,27801.0703125,27786.673828125,27790.970703125
20200529_10,25609.00390625,27281.91015625,27604.521484375,27720.720703125,27752.474609375,27773.203125,27781.830078125,27777.66015625,27778.88671875,27789.0390625,27786.494140625,27789.9453125,27787.8125,27793.341796875,27786.544921875,27784.4765625,27788.4140625,27795.822265625,27788.810546875,27790.0078125,27787.72265625,27781.359375,27786.453125,27779.44140625,27790.177734375,27799.30078125,27787.47265625,27788.095703125,27781.86328125,27789.67578125,27789.072265625,27794.75390625,27799.1875,27784.798828125,27789.099609375
20200529_11,25605.279296875,27277.966796875,27600.533203125,27716.71875,27748.48046875,27769.201171875,27777.82421875,27773.654296875,27774.87890625,27785.0390625,27782.486328125,27785.939453125,27783.80859375,27789.337890625,27782.537109375,27780.466796875,27784.412109375,27791.822265625,27784.80859375,27786.005859375,27783.724609375,27777.353515625,27782.44921875,27775.439453125,27786.173828125,27795.29296875,27783.46484375,27784.09375,27777.859375,27785.673828125,27785.0703125,27790.748046875,27795.18359375,27780.796875,27785.091796875
20200529_12,25608.662109375,27281.5625,27604.166015625,27720.369140625,27752.1484375,27772.86328125,27781.486328125,27777.318359375,27778.541015625,27788.693359375,27786.138671875,27789.6015625,27787.474609375,27793.0,27786.203125,27784.130859375,27788.072265625,27795.48046875,27788.470703125,27789.666015625,27787.3828125,27781.017578125,27786.109375,27779.1015625,27789.833984375,27798.953125,27787.126953125,27787.748046875,27781.525390625,27789.333984375,27788.732421875,27794.41015625,27798.841796875,27784.453125,27788.748046875
20200529_13,25610.626953125,27283.6796875,27606.310546875,27722.529296875,27754.31640625,27775.03125,27783.65625,27779.48828125,27780.7109375,27790.8671875,27788.30859375,27791.7734375,27789.64453125,27795.169921875,27788.37109375,27786.30078125,27790.2265625,27797.64453125,27790.638671875,27791.8359375,27789.5546875,27783.1796875,27788.2734375,27781.26953125,27792.0,27801.125,27789.29296875,27789.91015625,27783.69140625,27791.498046875,27790.896484375,27796.578125,27801.009765625,27786.611328125,27790.91796875
20200529_14,25609.36328125,27282.283203125,27604.900390625,27721.10546875,27752.88671875,27773.60546875,27782.22265625,27778.0546875,27779.279296875,27789.4375,27786.875,27790.341796875,27788.205078125,27793.740234375,27786.9375,27784.875,27788.80078125,27796.216796875,27789.212890625,27790.40625,27788.12109375,27781.748046875,27786.83984375,27779.8359375,27790.568359375,27799.6953125,27787.869140625,27788.482421875,27782.263671875,27790.07421875,27789.474609375,27795.150390625,27799.580078125,27785.189453125,27789.49609375
20200529_15,25606.041015625,27278.7734375,27601.35546875,27717.541015625,27749.322265625,27770.03125,27778.658203125,27774.486328125,27775.716796875,27785.873046875,27783.314453125,27786.771484375,27784.642578125,27790.173828125,27783.375,27781.302734375,27785.232421875,27792.646484375,27785.646484375,27786.84375,27784.5625,27778.19140625,27783.27734375,27776.26953125,27787.001953125,27796.123046875,27784.298828125,27784.912109375,27778.693359375,27786.505859375,27785.904296875,27791.578125,27796.009765625,27781.6171875,27785.916015625
20200529_16,25602.599609375,27275.037109375,27597.5703125,27713.7421875,27745.5078125,27766.212890625,27774.83984375,27770.669921875,27771.892578125,27782.056640625,27779.5,27782.95703125,27780.828125,27786.36328125,27779.560546875,27777.4921875,27781.416015625,27788.826171875,27781.82421875,27783.021484375,27780.740234375,27774.37109375,27779.462890625,27772.453125,27783.18359375,27792.3046875,27780.486328125,27781.10546875,27774.875,27782.68359375,27782.087890625,27787.759765625,27792.197265625,27777.802734375,27782.1015625
20200529_17,25604.0,27276.470703125,27599.0078125,27715.1796875,27746.943359375,27767.65234375,27776.28125,27772.11328125,27773.333984375,27783.49609375,27780.94140625,27784.3984375,27782.26953125,27787.80078125,27781.0,27778.93359375,27782.85546875,27790.26953125,27783.263671875,27784.46875,27782.18359375,27775.80859375,27780.8984375,27773.892578125,27784.623046875,27793.74609375,27781.927734375,27782.54296875,27776.3203125,27784.1171875,27783.5234375,27789.203125,27793.640625,27779.244140625,27783.548828125
20200529_18,25606.759765625,27279.353515625,27601.916015625,27718.087890625,27749.861328125,27770.564453125,27779.189453125,27775.029296875,27776.259765625,27786.41796875,27783.861328125,27787.310546875,27785.185546875,27790.71484375,27783.91796875,27781.84375,27785.765625,27793.18359375,27786.1875,27787.388671875,27785.103515625,27778.732421875,27783.8203125,27776.814453125,27787.541015625,27796.654296875,27784.841796875,27785.458984375,27779.240234375,27787.01953125,27786.435546875,27792.107421875,27796.5625,27782.16015625,27786.45703125
20200529_19,25620.357421875,27293.921875,27616.693359375,27732.935546875,27764.72265625,27785.43359375,27794.07421875,27789.8984375,27791.138671875,27801.306640625,27798.75390625,27802.201171875,27800.064453125,27805.599609375,27798.806640625,27796.72265625,27800.65625,27808.078125,27801.07421875,27802.279296875,27800.0,27793.626953125,27798.712890625,27791.697265625,27802.42578125,27811.548828125,27799.728515625,27800.34765625,27794.119140625,27801.892578125,27801.3125,27806.986328125,27811.451171875,27797.041015625,27801.341796875
20200529_20,25633.2109375,27307.68359375,27630.658203125,27746.95703125,27778.76171875,27799.474609375,27808.123046875,27803.951171875,27805.197265625,27815.373046875,27812.822265625,27816.259765625,27814.119140625,27819.662109375,27812.865234375,27810.77734375,27814.712890625,27822.130859375,27815.134765625,27816.349609375,27814.05859375,27807.6875,27812.775390625,27805.755859375,27816.482421875,27825.6015625,27813.77734375,27814.404296875,27808.17578125,27815.939453125,27815.357421875,27821.037109375,27825.5234375,27811.099609375,27815.400390625
20200529_21,25645.64453125,27320.958984375,27644.111328125,27760.47265625,27792.291015625,27813.0078125,27821.666015625,27817.484375,27818.740234375,27828.919921875,27826.369140625,27829.802734375,27827.66015625,27833.20703125,27826.4140625,27824.31640625,27828.263671875,27835.689453125,27828.68359375,27829.896484375,27827.61328125,27821.2421875,27826.32421875,27819.30078125,27830.037109375,27839.1484375,27827.326171875,27827.95703125,27821.71484375,27829.46875,27828.8984375,27834.583984375,27839.08203125,27824.650390625,27828.9453125
20200529_22,25651.005859375,27326.66796875,27649.8984375,27766.2734375,27798.09375,27818.8203125,27827.478515625,27823.296875,27824.556640625,27834.74609375,27832.201171875,27835.62890625,27833.486328125,27839.02734375,27832.236328125,27830.138671875,27834.083984375,27841.5078125,27834.509765625,27835.720703125,27833.443359375,27827.072265625,27832.15625,27825.123046875,27835.853515625,27844.9765625,27833.15234375,27833.783203125,27827.537109375,27835.28125,27834.712890625,27840.3984375,27844.912109375,27830.474609375,27834.76953125
20200529_23,25658.81640625,27335.00390625,27658.33984375,27774.74609375,27806.57421875,27827.302734375,27835.966796875,27831.78515625,27833.04296875,27843.240234375,27840.6953125,27844.119140625,27841.966796875,27847.5234375,27840.724609375,27838.626953125,27842.576171875,27850.0078125,27843.00390625,27844.21875,27841.931640625,27835.5703125,27840.646484375,27833.611328125,27844.341796875,27853.470703125,27841.64453125,27842.279296875,27836.02734375,27843.76171875,27843.201171875,27848.890625,27853.3984375,27838.962890625,27843.2578125
20200530_0,25659.587890625,27335.828125,27659.173828125,27775.58984375,27807.41015625,27828.14453125,27836.814453125,27832.625,27833.8828125,27844.078125,27841.5390625,27844.9609375,27842.80859375,27848.36328125,27841.568359375,27839.47265625,27843.42578125,27850.8515625,27843.84375,27845.05859375,27842.7734375,27836.4140625,27841.4921875,27834.45703125,27845.19140625,27854.31640625,27842.484375,27843.119140625,27836.86328125,27844.603515625,27844.04296875,27849.734375,27854.248046875,27839.8125,27844.103515625
20200530_1,25646.638671875,27322.02734375,27645.201171875,27761.5625,27793.349609375,27814.08984375,27822.748046875,27818.556640625,27819.81640625,27830.0078125,27827.47265625,27830.89453125,27828.73828125,27834.287109375,27827.494140625,27825.404296875,27829.359375,27836.77734375,27829.775390625,27830.984375,27828.70703125,27822.34375,27827.42578125,27820.384765625,27831.1171875,27840.2421875,27828.4140625,27829.0546875,27822.79296875,27830.54296875,27829.974609375,27835.673828125,27840.169921875,27825.7421875,27830.0390625
20200530_2,25628.5703125,27302.65234375,27625.5390625,27741.80859375,27773.5625,27794.302734375,27802.94921875,27798.765625,27800.009765625,27810.19921875,27807.6640625,27811.0859375,27808.9375,27814.48046875,27807.681640625,27805.60546875,27809.552734375,27816.96875,27809.958984375,27811.1640625,27808.890625,27802.533203125,27807.61328125,27800.58203125,27811.30859375,27820.435546875,27808.599609375,27809.248046875,27802.984375,27810.734375,27810.171875,27815.87109375,27820.34765625,27805.935546875,27810.224609375
20200530_3,25632.14453125,27306.498046875,27629.443359375,27745.732421875,27777.494140625,27798.23828125,27806.8828125,27802.703125,27803.9453125,27814.134765625,27811.59375,27815.025390625,27812.87109375,27818.4140625,27811.6171875,27809.5390625,27813.490234375,27820.900390625,27813.892578125,27815.09375,27812.818359375,27806.462890625,27811.546875,27804.515625,27815.251953125,27824.37109375,27812.537109375,27813.185546875,27806.923828125,27814.677734375,27814.10546875,27819.806640625,27824.283203125,27809.869140625,27814.16015625
20200530_4,25637.736328125,27312.568359375,27635.603515625,27751.923828125,27783.701171875,27804.451171875,27813.10546875,27808.91796875,27810.162109375,27820.34375,27817.8046875,27821.236328125,27819.08203125,27824.62890625,27817.828125,27815.751953125,27819.70703125,27827.123046875,27820.109375,27821.3125,27819.029296875,27812.673828125,27817.76171875,27810.7265625,27821.458984375,27830.587890625,27818.751953125,27819.39453125,27813.134765625,27820.896484375,27820.32421875,27826.021484375,27830.494140625,27816.08203125,27820.380859375
20200530_5,25630.814453125,27305.263671875,27628.224609375,27744.53125,27776.296875,27797.044921875,27805.685546875,27801.501953125,27802.74609375,27812.919921875,27810.380859375,27813.814453125,27811.66796875,27817.2109375,27810.416015625,27808.3359375,27812.28515625,27819.705078125,27812.685546875,27813.888671875,27811.599609375,27805.240234375,27810.333984375,27803.310546875,27814.04296875,27823.16796875,27811.328125,27811.96875,27805.71875,27813.494140625,27812.91796875,27818.611328125,27823.076171875,27808.669921875,27812.962890625
20200530_6,25625.296875,27299.357421875,27622.236328125,27738.515625,27770.28515625,27791.0234375,27799.662109375,27795.48046875,27796.720703125,27806.884765625,27804.341796875,27807.783203125,27805.634765625,27811.173828125,27804.3828125,27802.30859375,27806.259765625,27813.669921875,27806.66015625,27807.8515625,27805.5703125,27799.2109375,27804.298828125,27797.279296875,27808.017578125,27817.134765625,27805.298828125,27805.943359375,27799.6953125,27807.48046875,27806.896484375,27812.587890625,27817.041015625,27802.63671875,27806.927734375
20200530_7,25617.146484375,27290.685546875,27613.44921875,27729.6875,27761.44921875,27782.1796875,27790.82421875,27786.640625,27787.876953125,27798.03515625,27795.4921875,27798.939453125,27796.796875,27802.330078125,27795.537109375,27793.466796875,27797.41796875,27804.822265625,27797.8125,27799.0,27796.72265625,27790.3671875,27795.451171875,27788.439453125,27799.171875,27808.291015625,27796.45703125,27797.095703125,27790.8515625,27798.642578125,27798.046875,27803.73828125,27808.1875,27793.791015625,27798.087890625
20200530_8,25608.255859375,27281.2109375,27603.859375,27720.0625,27751.810546875,27772.537109375,27781.173828125,27776.994140625,27778.2265625,27788.3828125,27785.841796875,27789.279296875,27787.138671875,27792.671875,27785.880859375,27783.81640625,27787.759765625,27795.166015625,27788.158203125,27789.34765625,27787.064453125,27780.708984375,27785.798828125,27778.78515625,27789.51171875,27798.6328125,27786.80078125,27787.447265625,27781.201171875,27788.998046875,27788.40234375,27794.0859375,27798.52734375,27784.138671875,27788.43359375
20200530_9,25610.146484375,27283.1953125,27605.84765625,27722.0546875,27753.80859375,27774.5390625,27783.166015625,27778.990234375,27780.22265625,27790.3828125,27787.83984375,27791.283203125,27789.14453125,27794.677734375,27787.8828125,27785.814453125,27789.755859375,27797.16796875,27790.15625,27791.349609375,27789.068359375,27782.7109375,27787.798828125,27780.78515625,27791.517578125,27800.638671875,27788.806640625,27789.439453125,27783.201171875,27791.001953125,27790.40234375,27796.08984375,27800.53125,27786.138671875,27790.43359375
20200530_10,25610.923828125,27284.05078125,27606.724609375,27722.931640625,27754.6953125,27775.419921875,27784.05859375,27779.87890625,27781.109375,27791.265625,27788.71875,27792.16796875,27790.03515625,27795.564453125,27788.771484375,27786.703125,27790.646484375,27798.0546875,27791.041015625,27792.228515625,27789.9453125,27783.583984375,27788.677734375,27781.6640625,27792.40234375,27801.51953125,27789.69140625,27790.3203125,27784.0859375,27791.888671875,27791.29296875,27796.978515625,27801.41796875,27787.025390625,27791.3203125
20200530_11,25612.884765625,27286.083984375,27608.75390625,27724.974609375,27756.740234375,27777.46875,27786.09765625,27781.921875,27783.15234375,27793.3125,27790.76171875,27794.2109375,27792.080078125,27797.611328125,27790.814453125,27788.74609375,27792.68359375,27800.09375,27793.08203125,27794.271484375,27791.98828125,27785.62890625,27790.716796875,27783.70703125,27794.44140625,27803.56640625,27791.736328125,27792.361328125,27786.130859375,27793.935546875,27793.333984375,27799.0234375,27803.453125,27789.05859375,27793.35546875
20200530_12,25613.72265625,27286.890625,27609.548828125,27725.76171875,27757.521484375,27778.25,27786.888671875,27782.71484375,27783.93359375,27794.09765625,27791.54296875,27795.00390625,27792.873046875,27798.3984375,27791.59375,27789.533203125,27793.474609375,27800.87890625,27793.8671875,27795.0625,27792.783203125,27786.419921875,27791.509765625,27784.49609375,27795.23046875,27804.35546875,27792.52734375,27793.15234375,27786.91796875,27794.73046875,27794.126953125,27799.818359375,27804.236328125,27789.849609375,27794.1484375
20200530_13,25621.28125,27294.970703125,27617.720703125,27733.97265625,27765.75390625,27786.490234375,27795.119140625,27790.947265625,27792.166015625,27802.333984375,27799.775390625,27803.236328125,27801.107421875,27806.640625,27799.833984375,27797.765625,27801.701171875,27809.11328125,27802.1015625,27803.30078125,27801.017578125,27794.646484375,27799.73828125,27792.73046875,27803.462890625,27812.59765625,27800.763671875,27801.390625,27795.1484375,27802.966796875,27802.3671875,27808.052734375,27812.474609375,27798.083984375,27802.3828125
20200530_14,25621.330078125,27294.994140625,27617.75390625,27734.009765625,27765.791015625,27786.521484375,27795.15234375,27790.978515625,27792.203125,27802.369140625,27799.8125,27803.271484375,27801.134765625,27806.671875,27799.86328125,27797.796875,27801.734375,27809.150390625,27802.142578125,27803.333984375,27801.060546875,27794.68359375,27799.779296875,27792.765625,27803.498046875,27812.62109375,27800.796875,27801.416015625,27795.1875,27802.994140625,27802.400390625,27808.083984375,27812.51171875,27798.1171875,27802.419921875
20200530_15,25620.546875,27294.208984375,27616.970703125,27733.220703125,27765.01171875,27785.7421875,27794.3671875,27790.19921875,27791.423828125,27801.58984375,27799.033203125,27802.490234375,27800.357421875,27805.892578125,27799.08984375,27797.017578125,27800.951171875,27808.369140625,27801.361328125,27802.5546875,27800.279296875,27793.90625,27798.998046875,27791.98828125,27802.72265625,27811.84375,27800.013671875,27800.634765625,27794.408203125,27802.216796875,27801.619140625,27807.296875,27811.73046875,27797.341796875,27801.642578125
20200530_16,25623.287109375,27296.998046875,27619.763671875,27736.01953125,27767.8125,27788.53125,27797.1640625,27792.990234375,27794.21875,27804.388671875,27801.830078125,27805.287109375,27803.162109375,27808.693359375,27801.892578125,27799.814453125,27803.7421875,27811.166015625,27804.154296875,27805.359375,27803.078125,27796.703125,27801.79296875,27794.783203125,27805.51171875,27814.64453125,27802.814453125,27803.4296875,27797.208984375,27805.005859375,27804.416015625,27810.09375,27814.53515625,27800.1328125,27804.435546875
20200530_17,25620.591796875,27294.193359375,27616.951171875,27733.203125,27764.98828125,27785.7109375,27794.34765625,27790.17578125,27791.396484375,27801.564453125,27799.005859375,27802.46484375,27800.330078125,27805.876953125,27799.07421875,27797.0,27800.927734375,27808.34375,27801.34375,27802.54296875,27800.255859375,27793.880859375,27798.97265625,27791.9609375,27802.69921875,27811.818359375,27800.0,27800.6171875,27794.38671875,27802.19140625,27801.59765625,27807.275390625,27811.716796875,27797.314453125,27801.6171875
20200530_18,25626.296875,27300.419921875,27623.296875,27739.58984375,27771.400390625,27792.11328125,27800.75390625,27796.5859375,27797.822265625,27807.984375,27805.419921875,27808.88671875,27806.75,27812.291015625,27805.482421875,27803.404296875,27807.333984375,27814.76171875,27807.76171875,27808.962890625,27806.673828125,27800.296875,27805.3828125,27798.375,27809.11328125,27818.234375,27806.4140625,27807.02734375,27800.802734375,27808.59765625,27808.0078125,27813.68359375,27818.1328125,27803.728515625,27808.033203125
20200530_19,25638.27734375,27313.18359375,27636.2265625,27752.564453125,27784.400390625,27805.109375,27813.76171875,27809.5859375,27810.828125,27821.0,27818.439453125,27821.890625,27819.75390625,27825.298828125,27818.4921875,27816.41015625,27820.33984375,27827.7734375,27820.7734375,27821.982421875,27819.693359375,27813.314453125,27818.400390625,27811.38671875,27822.119140625,27831.240234375,27819.419921875,27820.03125,27813.80859375,27821.591796875,27821.0078125,27826.685546875,27831.15234375,27816.732421875,27821.03515625
20200530_20,25653.626953125,27329.568359375,27652.84375,27769.251953125,27801.109375,27821.82421875,27830.484375,27826.306640625,27827.55859375,27837.734375,27835.16796875,27838.623046875,27836.4765625,27842.029296875,27835.2265625,27833.134765625,27837.0703125,27844.509765625,27837.505859375,27838.71484375,27836.431640625,27830.052734375,27835.130859375,27828.115234375,27838.853515625,27847.978515625,27836.1484375,27836.767578125,27830.541015625,27838.306640625,27837.73046875,27843.41015625,27847.900390625,27833.455078125,27837.76171875
20200530_21,25658.33203125,27334.541015625,27657.876953125,27774.294921875,27806.146484375,27826.869140625,27835.52734375,27831.34765625,27832.607421875,27842.787109375,27840.236328125,27843.671875,27841.53125,27847.080078125,27840.28125,27838.19140625,27842.126953125,27849.5625,27842.55859375,27843.76953125,27841.486328125,27835.111328125,27840.1953125,27833.166015625,27843.904296875,27853.033203125,27841.1953125,27841.82421875,27835.5859375,27843.34765625,27842.775390625,27848.455078125,27852.9609375,27838.515625,27842.814453125
20200530_22,25658.046875,27334.0234375,27657.30078125,27773.693359375,27805.521484375,27826.255859375,27834.912109375,27830.734375,27831.982421875,27842.1796875,27839.634765625,27843.06640625,27840.919921875,27846.46484375,27839.666015625,27837.580078125,27841.513671875,27848.9453125,27841.943359375,27843.154296875,27840.875,27834.50390625,27839.587890625,27832.546875,27843.283203125,27852.412109375,27840.580078125,27841.216796875,27834.966796875,27842.71875,27842.1484375,27847.837890625,27852.34375,27837.900390625,27842.19921875
20200530_23,25669.07421875,27345.8515625,27669.296875,27785.74609375,27817.5859375,27838.326171875,27846.9921875,27842.80859375,27844.0625,27854.265625,27851.72265625,27855.146484375,27853.0,27858.546875,27851.74609375,27849.658203125,27853.599609375,27861.041015625,27854.02734375,27855.244140625,27852.962890625,27846.587890625,27851.673828125,27844.6328125,27855.37109375,27864.50390625,27852.669921875,27853.3046875,27847.041015625,27854.79296875,27854.23046875,27859.921875,27864.435546875,27849.984375,27854.28125
20200531_0,25666.28515625,27342.771484375,27666.15625,27782.587890625,27814.408203125,27835.150390625,27843.81640625,27839.625,27840.87890625,27851.087890625,27848.546875,27851.96875,27849.814453125,27855.365234375,27848.564453125,27846.474609375,27850.423828125,27857.857421875,27850.84765625,27852.05859375,27849.77734375,27843.408203125,27848.49609375,27841.455078125,27852.189453125,27861.322265625,27849.486328125,27850.126953125,27843.86328125,27851.607421875,27851.044921875,27856.744140625,27861.25,27846.810546875,27851.1015625
20200531_1,25660.76171875,27336.8671875,27660.169921875,27776.5703125,27808.369140625,27829.12109375,27837.78125,27833.58984375,27834.84375,27845.048828125,27842.509765625,27845.931640625,27843.779296875,27849.326171875,27842.525390625,27840.44140625,27844.39453125,27851.82421875,27844.80859375,27846.017578125,27843.740234375,27837.37890625,27842.4609375,27835.421875,27846.15234375,27855.28515625,27843.44921875,27844.09375,27837.826171875,27845.572265625,27845.015625,27850.708984375,27855.20703125,27840.775390625,27845.064453125
20200531_2,25648.998046875,27324.37890625,27647.521484375,27763.884765625,27795.654296875,27816.419921875,27825.072265625,27820.880859375,27822.125,27832.32421875,27829.7890625,27833.2109375,27831.0625,27836.609375,27829.80859375,27827.7265625,27831.673828125,27839.1015625,27832.08203125,27833.287109375,27831.005859375,27824.6484375,27829.740234375,27822.69921875,27833.43359375,27842.572265625,27830.724609375,27831.376953125,27825.103515625,27832.8671875,27832.298828125,27838.0,27842.4765625,27828.05859375,27832.3515625
20200531_3,25646.947265625,27322.23046875,27645.34765625,27761.705078125,27793.47265625,27814.23828125,27822.892578125,27818.69921875,27819.9375,27830.13671875,27827.599609375,27831.029296875,27828.873046875,27834.41796875,27827.6171875,27825.544921875,27829.49609375,27836.9140625,27829.89453125,27831.1015625,27828.828125,27822.4609375,27827.5546875,27820.51171875,27831.25,27840.384765625,27828.5390625,27829.189453125,27822.91796875,27830.6875,27830.115234375,27835.818359375,27840.291015625,27825.87109375,27830.16015625
20200531_4,25649.416015625,27324.9765625,27648.1484375,27764.53515625,27796.3046875,27817.0703125,27825.7265625,27821.53125,27822.7734375,27832.966796875,27830.4296875,27833.86328125,27831.708984375,27837.25,27830.45703125,27828.375,27832.33203125,27839.75,27832.728515625,27833.93359375,27831.65625,27825.296875,27830.38671875,27823.34765625,27834.087890625,27843.220703125,27831.375,27832.021484375,27825.755859375,27833.52734375,27832.953125,27838.654296875,27843.12109375,27828.70703125,27833.001953125
20200531_5,25642.681640625,27317.9140625,27641.02734375,27757.3828125,27789.166015625,27809.91796875,27818.572265625,27814.37890625,27815.630859375,27825.8125,27823.265625,27826.701171875,27824.55078125,27830.095703125,27823.294921875,27821.21875,27825.173828125,27832.587890625,27825.576171875,27826.771484375,27824.4921875,27818.134765625,27823.21875,27816.193359375,27826.9296875,27836.05859375,27824.212890625,27824.857421875,27818.599609375,27826.376953125,27825.798828125,27831.4921875,27835.96484375,27821.552734375,27825.845703125
20200531_6,25633.576171875,27308.296875,27631.302734375,27747.62890625,27779.396484375,27800.150390625,27808.8046875,27804.611328125,27805.8515625,27816.02734375,27813.48046875,27816.91796875,27814.767578125,27820.310546875,27813.515625,27811.439453125,27815.3984375,27822.8125,27815.796875,27816.984375,27814.701171875,27808.349609375,27813.4375,27806.412109375,27817.1484375,27826.28515625,27814.43359375,27815.078125,27808.828125,27816.61328125,27816.021484375,27821.71875,27826.1796875,27811.7734375,27816.06640625
20200531_7,25631.23828125,27305.763671875,27628.71484375,27745.0234375,27776.80078125,27797.548828125,27806.1875,27802.005859375,27803.244140625,27813.4140625,27810.869140625,27814.314453125,27812.1640625,27817.705078125,27810.908203125,27808.83203125,27812.787109375,27820.201171875,27813.185546875,27814.37890625,27812.09765625,27805.736328125,27810.828125,27803.8046875,27814.54296875,27823.6640625,27811.82421875,27812.470703125,27806.2265625,27814.01171875,27813.421875,27819.111328125,27823.564453125,27809.16796875,27813.45703125
20200531_8,25623.5078125,27297.421875,27620.244140625,27736.51171875,27768.2734375,27789.01953125,27797.66015625,27793.474609375,27794.70703125,27804.87109375,27802.32421875,27805.765625,27803.626953125,27809.162109375,27802.36328125,27800.29296875,27804.24609375,27811.65625,27804.63671875,27805.83203125,27803.55078125,27797.193359375,27802.2890625,27795.265625,27806.0,27815.125,27803.283203125,27803.931640625,27797.68359375,27805.4765625,27804.880859375,27810.572265625,27815.017578125,27800.623046875,27804.916015625
20200531_9,25617.865234375,27291.439453125,27614.197265625,27730.4453125,27762.203125,27782.939453125,27791.572265625,27787.396484375,27788.626953125,27798.78125,27796.23828125,27799.689453125,27797.54296875,27803.080078125,27796.28515625,27794.212890625,27798.162109375,27805.576171875,27798.55859375,27799.748046875,27797.470703125,27791.109375,27796.201171875,27789.185546875,27799.91796875,27809.044921875,27797.205078125,27797.845703125,27791.60546875,27799.40234375,27798.80078125,27804.490234375,27808.9375,27794.5390625,27798.8359375
20200531_10,25621.158203125,27295.01953125,27617.84375,27734.109375,27765.88671875,27786.623046875,27795.25390625,27791.072265625,27792.3125,27802.4765625,27799.927734375,27803.37890625,27801.240234375,27806.76953125,27799.970703125,27797.896484375,27801.8515625,27809.26171875,27802.244140625,27803.435546875,27801.162109375,27794.796875,27799.890625,27792.87109375,27803.609375,27812.732421875,27800.888671875,27801.53125,27795.294921875,27803.08984375,27802.49609375,27808.181640625,27812.62890625,27798.23046875,27802.5234375
20200531_11,25626.576171875,27300.763671875,27623.65625,27739.951171875,27771.734375,27792.47265625,27801.107421875,27796.9296875,27798.162109375,27808.32421875,27805.7734375,27809.23046875,27807.08984375,27812.625,27805.828125,27803.751953125,27807.701171875,27815.1171875,27808.09765625,27809.2890625,27807.015625,27800.6484375,27805.73828125,27798.71875,27809.455078125,27818.5859375,27806.74609375,27807.375,27801.142578125,27808.94921875,27808.349609375,27814.0390625,27818.478515625,27804.08203125,27808.37890625
20200531_12,25634.28515625,27309.0078125,27631.994140625,27748.328125,27780.12890625,27800.8671875,27809.51171875,27805.3359375,27806.564453125,27816.73046875,27814.17578125,27817.630859375,27815.4921875,27821.03125,27814.228515625,27812.15234375,27816.103515625,27823.521484375,27816.50390625,27817.6953125,27815.41796875,27809.044921875,27814.138671875,27807.119140625,27817.86328125,27826.990234375,27815.154296875,27815.775390625,27809.548828125,27817.3515625,27816.75390625,27822.443359375,27826.88671875,27812.478515625,27816.787109375
20200531_13,25632.638671875,27307.302734375,27630.283203125,27746.609375,27778.412109375,27799.15234375,27807.7890625,27803.6171875,27804.8515625,27815.01171875,27812.451171875,27815.9140625,27813.775390625,27819.3125,27812.51171875,27810.43359375,27814.3828125,27821.802734375,27814.78515625,27815.978515625,27813.6953125,27807.322265625,27812.416015625,27805.3984375,27816.146484375,27825.271484375,27813.43359375,27814.0546875,27807.826171875,27815.638671875,27815.04296875,27820.73046875,27825.169921875,27810.765625,27815.0703125
20200531_14,25628.384765625,27302.736328125,27625.654296875,27741.9609375,27773.767578125,27794.494140625,27803.138671875,27798.95703125,27800.19140625,27810.3515625,27807.79296875,27811.25390625,27809.115234375,27814.658203125,27807.857421875,27805.779296875,27809.72265625,27817.134765625,27810.125,27811.318359375,27809.0390625,27802.6640625,27807.75390625,27800.740234375,27811.484375,27820.61328125,27808.78125,27809.392578125,27803.169921875,27810.98046875,27810.38671875,27816.068359375,27820.505859375,27806.099609375,27810.41015625
20200531_15,25633.736328125,27308.28125,27631.232421875,27747.537109375,27779.349609375,27800.072265625,27808.716796875,27804.544921875,27805.779296875,27815.943359375,27813.3828125,27816.83984375,27814.70703125,27820.251953125,27813.451171875,27811.373046875,27815.30859375,27822.728515625,27815.716796875,27816.91015625,27814.626953125,27808.2578125,27813.34375,27806.328125,27817.07421875,27826.19921875,27814.369140625,27814.984375,27808.759765625,27816.560546875,27815.97265625,27821.65234375,27826.099609375,27811.69140625,27815.99609375
20200531_16,25638.384765625,27313.060546875,27636.03515625,27752.345703125,27784.16015625,27804.884765625,27813.525390625,27809.353515625,27810.58203125,27820.759765625,27818.201171875,27821.66015625,27819.525390625,27825.06640625,27818.259765625,27816.1875,27820.115234375,27827.541015625,27820.53125,27821.73046875,27819.44921875,27813.06640625,27818.166015625,27811.14453125,27821.88671875,27831.01953125,27819.1875,27819.80078125,27813.568359375,27821.369140625,27820.787109375,27826.466796875,27830.91796875,27816.50390625,27820.806640625
20200531_17,25633.162109375,27307.4296875,27630.3046875,27746.58984375,27778.392578125,27799.115234375,27807.755859375,27803.5859375,27804.806640625,27814.984375,27812.42578125,27815.892578125,27813.751953125,27819.296875,27812.490234375,27810.41796875,27814.34375,27821.767578125,27814.751953125,27815.9609375,27813.669921875,27807.294921875,27812.384765625,27805.37109375,27816.115234375,27825.240234375,27813.41796875,27814.029296875,27807.80078125,27815.603515625,27815.013671875,27820.693359375,27825.140625,27810.734375,27815.037109375
20200531_18,25635.107421875,27309.53125,27632.43359375,27748.740234375,27780.53515625,27801.275390625,27809.912109375,27805.744140625,27806.9609375,27817.14453125,27814.5859375,27818.04296875,27815.90625,27821.453125,27814.642578125,27812.5703125,27816.49609375,27823.923828125,27816.904296875,27818.115234375,27815.826171875,27809.453125,27814.548828125,27807.529296875,27818.265625,27827.40234375,27815.5703125,27816.189453125,27809.951171875,27817.751953125,27817.166015625,27822.841796875,27827.29296875,27812.880859375,27817.189453125
20200531_19,25646.60546875,27321.7578125,27644.818359375,27761.169921875,27792.982421875,27813.71875,27822.369140625,27818.189453125,27819.421875,27829.607421875,27827.05078125,27830.50390625,27828.36328125,27833.91015625,27827.103515625,27825.0234375,27828.951171875,27836.384765625,27829.376953125,27830.580078125,27828.29296875,27821.9140625,27827.0078125,27819.990234375,27830.732421875,27839.865234375,27828.03125,27828.650390625,27822.41015625,27830.197265625,27829.61328125,27835.296875,27839.76171875,27825.341796875,27829.64453125
20200531_20,25664.953125,27341.326171875,27664.65234375,27781.083984375,27812.921875,27833.66015625,27842.32421875,27838.142578125,27839.38671875,27849.578125,27847.021484375,27850.466796875,27848.3203125,27853.873046875,27847.068359375,27844.982421875,27848.91796875,27856.34765625,27849.33984375,27850.552734375,27848.271484375,27841.888671875,27846.978515625,27839.953125,27850.69921875,27859.83203125,27847.990234375,27848.615234375,27842.365234375,27850.13671875,27849.568359375,27855.2578125,27859.74609375,27845.3046875,27849.609375
20200531_21,25679.02734375,27356.4296875,27679.978515625,27796.474609375,27828.33203125,27849.080078125,27857.744140625,27853.560546875,27854.81640625,27865.015625,27862.46875,27865.904296875,27863.75390625,27869.30859375,27862.5,27860.40625,27864.349609375,27871.7890625,27864.775390625,27865.990234375,27863.7109375,27857.330078125,27862.41796875,27855.3828125,27866.130859375,27875.26171875,27863.427734375,27864.0546875,27857.796875,27865.5546875,27864.98828125,27870.681640625,27875.181640625,27860.734375,27865.037109375
20200531_22,25683.615234375,27361.3359375,27684.9609375,27801.482421875,27833.337890625,27854.08984375,27862.76953125,27858.57421875,27859.8359375,27870.041015625,27867.490234375,27870.921875,27868.77734375,27874.326171875,27867.529296875,27865.427734375,27869.375,27876.8125,27869.8046875,27871.015625,27868.73828125,27862.361328125,27867.443359375,27860.404296875,27871.150390625,27880.28515625,27868.44140625,27869.080078125,27862.822265625,27870.568359375,27870.00390625,27875.705078125,27880.216796875,27865.755859375,27870.0546875
20200531_23,25687.419921875,27365.396484375,27689.080078125,27805.615234375,27837.470703125,27858.23046875,27866.904296875,27862.71875,27863.9765625,27874.185546875,27871.638671875,27875.0625,27872.912109375,27878.46875,27871.66796875,27869.568359375,27873.517578125,27880.958984375,27873.9453125,27875.1640625,27872.87890625,27866.5,27871.591796875,27864.548828125,27875.291015625,27884.427734375,27872.58203125,27873.220703125,27866.955078125,27874.705078125,27874.142578125,27879.84375,27884.357421875,27869.904296875,27874.201171875
